<?xml version="1.0" encoding="UTF-8" standalone="yes" ?><fileEntries xmlns="http://schemas.mathworks.com/matlab/compiler/2011/fileManifest" encoding="IBM437" platform="win64"><fileEntry content="/BlueMarble1.bmp" date="2005-04-18T17:51:10Z" name="/BlueMarble1.bmp" permissions="33060" type="File"/><fileEntry content="/Orbit_propagator.m" date="2017-01-08T05:09:48Z" name="/Orbit_propagator.m" permissions="33206" type="File"/><fileEntry content="/TwoBody.m" date="2017-01-08T05:09:48Z" name="/TwoBody.m" permissions="33206" type="File"/><fileEntry content="/calculateEllipse.m" date="2017-01-08T05:09:48Z" name="/calculateEllipse.m" permissions="33206" type="File"/><fileEntry content="/mars.bmp" date="2011-01-13T19:58:18Z" name="/mars.bmp" permissions="33060" type="File"/><fileEntry content="/sat.jpg" date="2016-12-29T14:36:29Z" name="/sat.jpg" permissions="33206" type="File"/><fileEntry content="/sun.bmp" date="2006-07-03T16:18:12Z" name="/sun.bmp" permissions="33060" type="File"/><fileEntry content="/venus.bmp" date="2016-12-15T13:11:02Z" name="/venus.bmp" permissions="33206" type="File"/></fileEntries>