<?xml version="1.0" encoding="UTF-8" standalone="yes" ?>
<appProperties xmlns="http://schemas.mathworks.com/matlab/app/2012/appProperties" signature="068D512F13DDFF5AD472B52C337410A8678EC7A3">

  <entryPoint>Orbit_propagator</entryPoint>

  <name>orbit_Propagator</name>

  <version>2.0</version>

  <createdByMATLABRelease>(R2014a)</createdByMATLABRelease>

  <GUID>abcc2618-f6f4-470b-add1-6acd80b36a09</GUID>

  <supportedPlatforms/>

  <requiredProducts>
    <product identifier="1" name="MATLAB" version="8.3"/>
    <product identifier="15" name="Symbolic Math Toolbox" version="6.0"/>
  </requiredProducts>

  <numFiles>8</numFiles>

  <created>2017-01-08T05:09:48Z</created>

  <appEntries>
    <appFile>/Orbit_propagator.m</appFile>
    <appFile>/BlueMarble1.bmp</appFile>
    <appFile>/calculateEllipse.m</appFile>
    <appFile>/mars.bmp</appFile>
    <appFile>/sat.jpg</appFile>
    <appFile>/sun.bmp</appFile>
    <appFile>/TwoBody.m</appFile>
    <appFile>/venus.bmp</appFile>
  </appEntries>

</appProperties>
